ArraySize,CPUTime,OpenMPTime,Speedup
100000,0.00249192,0.00199604,1.24843
1000000,0.0152938,0.0102904,1.48622
10000000,0.0999451,0.0897105,1.11409
